<?xml version="1.0"?>
<BATCH>
	<PAYEE SERIAL="000000" FULLNAME="Sample,Patricia C." MANAGER="000000Z"
   		DEPARTMENT="000000" HIRED="1989-08-01 00:00:00" TERMED="1997-09-29 00:00:00"
   		STATUS="A" EMAIL="Patricia.Sample@somecompany.com">
	    <PAYHRS>
		    <PAYHR EFFECTIVE="1998-03-15 00:00:00" MANAGER="000000" DEPARTMENT="000000"
		       EXEMPT="N" STATUS="A" TYPE="RF" SHIFT="1" DAYS="5"
		       HOURS="40.00" HIRED="1997-09-29 00:00:00" CURRENT="0" />
		    <PAYHR EXEMPT="N" STATUS="A" TYPE="RF" SHIFT="2" DAYS="5" HOURS="40.00"
		       EFFECTIVE="1998-04-01 00:00:00" MANAGER="000000" DEPARTMENT="000000"
		       CURRENT="0" />
		    <PAYHR EXEMPT="N" STATUS="A" TYPE="RF" SHIFT="1" DAYS="5" HOURS="40.00"
		       EFFECTIVE="1998-04-15 00:00:00" MANAGER="000000" DEPARTMENT="000000"
		       CURRENT="1" />
	    </PAYHRS>

	    <PAYBALS>
		    <PAYBAL GROUP="003" HOURS="0.0" EFFECTIVE="1998-04-12 00:00:00" />
            <PAYBAL GROUP="006" HOURS="0.0" EFFECTIVE="1998-01-01 00:00:00"
                STARTING="1997-12-29 00:00:00" ENDING="1998-12-29 00:00:00" />
            <PAYBAL GROUP="007" HOURS="0.0" EFFECTIVE="1998-01-01 00:00:00"
                STARTING="1997-12-29 00:00:00" ENDING="1998-12-29 00:00:00" />
            <PAYBAL GROUP="008" HOURS="0.0"></PAYBAL>
        </PAYBALS>
    
        <PAYCARDS>
            <PAYCARD SERIAL="000000" PERIOD="1998-06-07 00:00:00"
                FULLNAME="Sample,Patricia C." EMAIL="Patricia.Sample@somecompany.com"
                MANAGER="000000" DEPARTMENT="000000" EXEMPT="N" STATUS="A" TYPE="RF"
                SHIFT="1" DAYS="5" HOURS="40.00" EFFECTIVE="1998-04-15 00:00:00" >
                <PAYCODES>
                    <PAYCODE CODE="002" PERIOD="1998-06-07 00:00:00" MON="8.0" TUE="8.0"
                        WED="8.0" THU="8.0" FRI="8.0" SAT="0.0" SUN="0.0" TOTAL="40.0"
                        SUBMITTED="1998-06-17 10:13:06" SUBMITTER="000000" />
                    </PAYCODES>
                    <SUBMITTED DATE="1998-06-17 10:13:06" SERIAL="000000"
                        FULLNAME="Sample,Patricia C." STATUS="SUBMITTED">
                    </SUBMITTED>
            </PAYCARD>
        </PAYCARDS>
    </PAYEE>
</BATCH>
