<?xml version="1.0"?>

<order>
  <sold-to>
    <person>
      <lastname>Layman</lastname>
      <firstname>Andrew</firstname>
    </person>
  </sold-to>
  <sold-on>19970317</sold-on>
  <item>
    <price>5.95</price>
    <book>
      <title>Number, the Language of Science</title>
      <author>Dantzig, Tobias</author>
    </book>
  </item>
  <item>
    <price>12.95</price>
    <book>
      <title>Introduction to Objectivist Epistemology</title>
      <author>Rand, Ayn</author>
      <isbn>0-452-01030-6</isbn>
    </book>
  </item>
  <item>
    <price>12.95</price>
    <record>
      <title><composer>Tchaikovsky</composer>'s
            First Piano Concerto</title>
      <artist>Janos</artist>
    </record>
  </item>
  <item>
    <price>1.50</price>
    <coffee >
      <size>small</size>
      <style>cafe macchiato</style>
    </coffee>
  </item>
</order>
