<?xml version="1.0"?>
<PART>
  <PARTLIST>
   <PART-NUM>12983</PART-NUM>
   <PART-NAME>SEAT SUPPORT</PART-NAME>
   <UNITS-PER-ASSEMBLY>1</UNITS-PER-ASSEMBLY>
  </PARTLIST>
  <INSTALL-INFO>
     <SUPPLIER-NOTE>The installation of the seat support should be performed only after the entire seat unit is removed from the floor base.
     </SUPPLIER-NOTE>
     <AIRLINE-CAUTION> Airline X has personal TV's in every seat back, so be sure to disconnect the TV wiring prior to removing the broken support.
     </AIRLINE-CAUTION>
  </INSTALL-INFO>
</PART>
